,id,hora,fuente,idioma,tweet_respuesta_id,tweet_respuesta_usuario_id,tweet_respuesta_nombre_twitter,usuario_id,usuario_nombre,usuario_nombre_twitter,usuario_localizacion,usuario_idioma,usuario_verificado,usuario_numero_seguidores,usuario_numero_favoritos_hechos,usuario_numero_tweets,usuario_numero_creacion,hashtag,texto_original,mencion_usuario_id,mencion_usuario_nombre,mencion_usuario_nombre_twitter,texto_limpio,texto_traducido,sentimiento_compound_polarity,sentiment_neutral,sentiment_negativo,sentiment_positivo,sentiment_tipo,sentimiento_neutral,sentimiento_negativo,sentimiento_positivo,sentimiento_tipo,tokens
0,1000365563376488448,15:18:30,Hootsuite,en,-1,-1,-1,2846595478,Real Madrid vs Liverpool Live stream,UCL_TV,USA,fr,False,15294,3281,24148,Mon Oct 27 11:38:12 +0000 2014,"['uclfinal', 'lfc']","MATCH-DAY

Real Madrid vs Liverpool

#UCLFinal #LFC Free Live Stream HD Here: https://t.co/PHAepWsA6o https://t.co/T6mWNz14lb",-1,-1,-1,match day real madrid liverpool free live stream here ,match day real madrid liverpool free live stream here ,0.5106,0.708,0.0,0.292,,0.708,0.0,0.292,POSITIVE,"['match', 'day', 'real', 'madrid', 'liverpool', 'free', 'live', 'stream']"
1,1000365564190048256,15:18:31,Android,in,-1,-1,-1,2917613580,Individu Merdeka â˜®,Raditakia,Brenksek City,id,False,530,5608,41354,Wed Dec 03 13:58:11 +0000 2014,"['uclfinal', 'sportone']","RT @panditfootball: [VIDEO] Siapa yang punya peluang paling besar jadi juara Liga Champions 2018? #UCLfinal #SportOne 

https://t.co/rVhdDCâ€¦",[947281567],['PanditFootball.com'],['panditfootball'],siapa yang punya peluang paling besar jadi juara liga champions 2018 â€¦,who has the biggest chance of becoming 2018 champions champions ...,0.8316,0.476,0.0,0.524,,0.476,0.0,0.524,POSITIVE,"['biggest', 'chance', 'becoming', '2018', 'champions', 'champions']"
2,1000365564320247808,15:18:31,Android,es,-1,-1,-1,946054253461852160,Roberto EsperÃ³n alonso,esperon_alonso,"Galicia, EspaÃ±a",es,False,234,26179,18715,Wed Dec 27 16:24:45 +0000 2017,"['innovateyourgame', 'uclfinal']","RT @madridismoreaI_: HA LLEGADO EL DÃA âš½ï¸

HACERLO REAL @realmadrid ğŸ™ğŸ»

@Nissan_ESP #InnovateYourGame #UCLFinal https://t.co/CbOafTlbac","[188481426, 14872237, 291745825]","['Madridismo Realâ„¢', 'Real Madrid C.F. âš½ï¸', 'Nissan EspaÃ±a']","['madridismoreaI_', 'realmadrid', 'Nissan_ESP']",llegado dia âš½ï¸ hacerlo real  ,come day âš½ï¸ make it real,0.0,1.0,0.0,0.0,,1.0,0.0,0.0,NEUTRAL,"['come', 'day', 'âš½ï¸', 'make', 'real']"
3,1000365564357832704,15:18:31,Madridista2,es,-1,-1,-1,962840767,R.Madridâ„¢,RMadridIsco,Madrid,es,False,90905,1192,2619,Wed Nov 21 18:09:54 +0000 2012,-1,"RT @madridismoreaI_: Mi XI  para maÃ±ana: Navas, Carvajal, Nacho, Ramos, Marcelo, Modric, Kroos, Casemiro, Isco, Bale y Cristiano.

Â¿CuÃ¡l poâ€¦",[188481426],['Madridismo Realâ„¢'],['madridismoreaI_'],para maÃ±ana navas carvajal nacho ramos marcelo modric kroos casemiro isco bale cristiano Â¿cual â€¦,for tomorrow navas carvajal nacho ramos marcelo modric kroos casemiro isco bale cristiano which ...,0.0,1.0,0.0,0.0,,1.0,0.0,0.0,NEUTRAL,"['tomorrow', 'navas', 'carvajal', 'nacho', 'ramos', 'marcelo', 'modric', 'kroos', 'casemiro', 'isco', 'bale', 'cristiano']"
4,1000365564517388288,15:18:31,Android,en,-1,-1,-1,902735000445095938,Kwame-Nat,Kwame_Nat1,-1,en,False,364,5274,2817,Wed Aug 30 03:29:30 +0000 2017,['uclfinal'],"RT @ECG_Unofficial: We will like to categorically state our sincere commitment to ensure you all watch today's #UCLfinal

So, if you live aâ€¦",[2411233145],['ECG'],['ECG_Unofficial'],will like categorically state our sincere commitment ensure you all watch today you live â€¦,will like categorically state our sincere commitment ensure you all watch today you live â€¦,0.8555,0.49,0.0,0.51,,0.49,0.0,0.51,POSITIVE,"['like', 'categorically', 'state', 'sincere', 'commitment', 'ensure', 'watch', 'today', 'live', 'â€¦']"
5,1000365564781580288,15:18:31,Twitter Web,en,-1,-1,-1,240672622,NOSA TOPNOTCH,nosatopnotch,Everywhere,en,False,1322,6,5984,Thu Jan 20 13:32:14 +0000 2011,-1,"Real Madrid.... LETS GO!!!!!!!!!!!!!!!!!!!!!!!  I am not gonna be too arrogant predicting we gonna win by 5-0, so Iâ€¦ https://t.co/LicM1rwwAH",-1,-1,-1,real madrid lets not gonna too arrogant predicting gonna win â€¦ ,real madrid lets not gonna too arrogant predicting gonna win â€¦ ,0.7527,0.554,0.0,0.446,,0.554,0.0,0.446,POSITIVE,"['real', 'madrid', 'lets', 'gonna', 'arrogant', 'predicting', 'gonna', 'win', 'â€¦']"
6,1000365565125513216,15:18:31,Android,sv,-1,-1,-1,311037764,Sredny,SredXNY,Rubio York-Venezuela,es,False,238,44,23289,Sat Jun 04 19:53:17 +0000 2011,['uclfinal'],"RT @ChampionsLeague: Klopp ğŸ¤£ğŸ¤£ğŸ¤£

#UCLfinal https://t.co/Ve5eyfa1wV",[627673190],['#UCLfinal'],['ChampionsLeague'],klopp  ,klopp,0.0,1.0,0.0,0.0,,1.0,0.0,0.0,NEUTRAL,['klopp']
7,1000365565154742272,15:18:31,Android,en,-1,-1,-1,277019564,kenyan kop,Kenyankop,Mombasakenya,en,False,1423,21417,17163,Mon Apr 04 14:55:41 +0000 2011,['uclfinal'],"RT @YNWA_Claire: Please? ğŸ™ğŸ¼

#UCLFinal https://t.co/nFeiI2C75z",[932362455149408257],['Claire'],['YNWA_Claire'],please  ,please  ,0.3182,0.0,0.0,1.0,,0.0,0.0,1.0,POSITIVE,['please']
8,1000365565314322432,15:18:31,Android,en,-1,-1,-1,957644286350315521,Abdulai Suburu,SuburuAbdulai,"Wa, Upper West Region. Ghana",en,False,427,31400,33042,Sun Jan 28 15:59:24 +0000 2018,"['uclfinal', 'laysunited']","RT @ChampionsLeague: Two European giants go head-to-head.

Who will win the #UCLfinal? 

#LaysUnited https://t.co/uBu5Fe7M6S",[627673190],['#UCLfinal'],['ChampionsLeague'],two european giants head head who will win the ,two european giants head head who will win the ,0.5859,0.678,0.0,0.322,,0.678,0.0,0.322,POSITIVE,"['two', 'european', 'giants', 'head', 'head', 'win']"
9,1000365565708513280,15:18:31,iPhone,ar,-1,-1,-1,1672941752,medo_hazazi9 N18ğŸ’›,rory4000,-1,ar,False,812,492,10528,Thu Aug 15 11:18:14 +0000 2013,['uclfinal'],"RT @LaLigaArab: Ø³ÙŠØ¯ Ø§Ù„Ù„Ø§Ø¹Ø¨ÙŠÙ† ğŸ” @Cristiano ğŸ”

#UCLfinal https://t.co/M33kYByzW6","[827488482721402884, 155659213]","['LaLiga', 'Cristiano Ronaldo']","['LaLigaArab', 'Cristiano']",Ø³ÙŠØ¯ Ø§Ù„Ù„Ø§Ø¹Ø¨ÙŠÙ†   ,Master players,0.0,1.0,0.0,0.0,,1.0,0.0,0.0,NEUTRAL,"['master', 'players']"
10,1000365566320881664,15:18:31,Android,en,-1,-1,-1,4057128733,c,EchosOG,-1,en,False,634,6998,9217,Thu Oct 29 11:32:55 +0000 2015,['uclfinal'],"RT @ChampionsLeague: ğŸ‡ªğŸ‡¬ Mohamed Salah to become the first Egyptian winner? ğŸ¤”

#UCLfinal https://t.co/P4Mdub8RSF",[627673190],['#UCLfinal'],['ChampionsLeague'], mohamed salah become the first egyptian winner  , mohamed salah become the first egyptian winner  ,0.5859,0.612,0.0,0.388,,0.612,0.0,0.388,POSITIVE,"['mohamed', 'salah', 'become', 'first', 'egyptian', 'winner']"
11,1000365566224486400,15:18:31,Android,und,-1,-1,-1,2485857084,Santiago Ortiz,SANTIAGOORTIZE,"Medellin, Colombia",es,False,1420,387943,396292,Fri May 09 20:55:29 +0000 2014,"['uclfinal', 'weareliverpool']","RT @LFC: #UCLfinal day. ğŸ”´

#WeAreLiverpool https://t.co/eJwkXOv7vV",[19583545],['Liverpool FC'],['LFC'],day  ,day  ,0.0,1.0,0.0,0.0,,1.0,0.0,0.0,NEUTRAL,['day']
12,1000365567000350720,15:18:31,Android,fr,-1,-1,-1,751548692310745093,Arif Ahmed,floatingpast0,-1,en,False,151,51608,18499,Fri Jul 08 22:49:06 +0000 2016,['uclfinal'],"RT @LorisKarius: #UCLFINAL 
Allez Allez Allez ğŸ”´ğŸ™ŒğŸ¼ @LFC https://t.co/x1xO1scF11","[748881886248898561, 19583545]","['Loris Karius', 'Liverpool FC']","['LorisKarius', 'LFC']",allez allez allez  ,go Go go,0.0,1.0,0.0,0.0,,1.0,0.0,0.0,NEUTRAL,"['go', 'go', 'go']"
13,1000365567402958848,15:18:31,iPhone,en,-1,-1,-1,310129970,ShairuzÂ©,Tayruzzz,-1,en,False,687,10734,38938,Fri Jun 03 07:25:17 +0000 2011,['uclfinal'],"RT @AyoDesigns: #UCLFinal.
Who's winning it all? https://t.co/jfz4pnF8wA",[2632143718],['Ayo'],['AyoDesigns'],who winning all ,who winning all ,0.5267,0.37,0.0,0.63,,0.37,0.0,0.63,POSITIVE,['winning']
14,1000365567856009216,15:18:31,Android,pt,-1,-1,-1,3662137997,Sandro Ramos,linesanrj,"Rio de Janeiro, Brasil",pt,False,104,17515,7034,Tue Sep 15 08:44:30 +0000 2015,"['uclfinal', 'aporla13', 'halamadrid']","RT @_Osblancos: Que chamada amigos ! Derrubamos um por um. 
#UCLfinal #APorLa13 | #HalaMadrid
https://t.co/mn9t8vc77G",[4866003910],['Os GalÃ¡ticos'],['_Osblancos'],que chamada amigos derrubamos por ,What do we call friends down by,0.4767,0.659,0.0,0.341,,0.659,0.0,0.341,POSITIVE,"['call', 'friends']"
15,1000365568250146816,15:18:32,iPhone,en,-1,-1,-1,2181170941,Ğ­ĞœĞ§ Ğ¡Ğ£Ğ’Ğ˜Ğ›ĞĞ“Ğ§Ğ˜Ğ™Ğ Ğ¦ĞĞ›Ğ˜Ğ ĞĞ­Ğœ!!!,BtUyanga,-1,en,False,3897,10204,5202,Fri Nov 08 00:51:32 +0000 2013,['uclfinal'],"RT @LFC: When you turn around and spot @Alex_OxChambo at the airport! ğŸ™ŒğŸ”´

#UCLfinal Story: https://t.co/jJEsXTsIQ5 https://t.co/Ib6651ERwN","[19583545, 393028587]","['Liverpool FC', 'Alex Ox-Chamberlain']","['LFC', 'Alex_OxChambo']",when you turn around and spot the airport  story ,when you turn around and spot the airport  story ,0.0,1.0,0.0,0.0,,1.0,0.0,0.0,NEUTRAL,"['turn', 'around', 'spot', 'airport', 'story']"
16,1000365568506171392,15:18:32,Twitter Web,fr,-1,-1,-1,2179927857,neki,fatlum_qerkini,sc : fatlum3,en,False,2219,17958,131010,Wed Nov 13 18:46:23 +0000 2013,"['believers', 'uclfinal']","RT @LFC: ğŸ¶ ALLEZ ALLEZ ALLEZ ğŸ¶ 

#Believers #UCLfinal https://t.co/pMSJls9SNG",[19583545],['Liverpool FC'],['LFC'], allez allez allez  ,go Go go,0.0,1.0,0.0,0.0,,1.0,0.0,0.0,NEUTRAL,"['go', 'go', 'go']"
17,1000365568648593408,15:18:32,Android,en,-1,-1,-1,368684229,Syahir Saifuddin,SyahirSaifuddin,-1,en,False,505,22866,72145,Tue Sep 06 01:54:40 +0000 2011,['uclfinal'],RT @ChampionsLeague: ğŸŒ Real Madrid v Liverpool: Where in the world are you watching the #UCLfinal? ğŸŒ https://t.co/qE1HpSKVip,[627673190],['#UCLfinal'],['ChampionsLeague'], real madrid liverpool where the world are you watching the  , real madrid liverpool where the world are you watching the  ,0.0,1.0,0.0,0.0,,1.0,0.0,0.0,NEUTRAL,"['real', 'madrid', 'liverpool', 'world', 'watching']"
18,1000365569311375360,15:18:32,Android,en,-1,-1,-1,468156334,Omoruyi Efe (Eddie),Eddie11stats,"Benin-City, Nigeria",en,False,669,32,39033,Thu Jan 19 07:11:46 +0000 2012,['uclfinal'],"RT @goal: Excitement level: ğŸ’¯

Real Madrid vs. Liverpool: In words and numbers. ğŸ™Œ

#UCLfinal https://t.co/kpa2bIiOgv",[26809005],['Goal'],['goal'],excitement level  real madrid liverpool words and numbers  ,excitement level  real madrid liverpool words and numbers  ,0.4939,0.686,0.0,0.314,,0.686,0.0,0.314,POSITIVE,"['excitement', 'level', 'real', 'madrid', 'liverpool', 'words', 'numbers']"
19,1000365568875290624,15:18:32,Android,en,1000364092325093376,2175401051,drremish_,156953469,Aissa Â® CulÃ©,IsaOfficial7,"Al Khobar, Kingdom of Saudi Ar",en,False,372,2548,16779,Fri Jun 18 11:55:01 +0000 2010,-1,"@drremish_ @AaronStoneRocks @mantar1singh @Dybalancex https://t.co/Y28DrJYNFA
I agree with you!","[2175401051, 718346548, 853547509, 986355461409722368]","['ğ˜³ğ˜¦ğ˜®ğ˜ªğ˜´ğ˜© ğ˜´ğ˜ªğ˜®ğ˜°ğ˜¯', 'Amogh Sapre', 'Mantar Singh', 'Robin']","['drremish_', 'AaronStoneRocks', 'mantar1singh', 'Dybalancex']",agree with you ,agree with you ,0.3612,0.444,0.0,0.556,,0.444,0.0,0.556,POSITIVE,['agree']
20,1000365569940574208,15:18:32,Android,es,-1,-1,-1,731541114449235969,Daniel Rivero,danifaneguitas,Hawkings,es,False,56,4465,795,Sat May 14 17:46:07 +0000 2016,['ucl'],"RT @marca: Zidane avisa: ""EstÃ¡is avisados"" https://t.co/vSt9QVHjZJ #UCL https://t.co/ogthD6ux5P",[15095537],['MARCA'],['marca'],zidane avisa estais avisados ,zidane warns you are warned,-0.3612,0.462,0.538,0.0,,0.462,0.538,0.0,NEGATIVE,"['zidane', 'warns', 'warned']"
21,1000365570297073664,15:18:32,iPhone,fr,-1,-1,-1,3021031221,tortue gÃ©gÃ©,turin39,-1,fr,False,89,936,883,Fri Feb 06 05:38:15 +0000 2015,"['believers', 'uclfinal']","RT @LFCFrance: ğŸ¶ ALLEZ ALLEZ ALLEZ ğŸ¶ 

#Believers #UCLfinal https://t.co/ZalodB1aWg",[988775689],['LFC France'],['LFCFrance'], allez allez allez  ,go Go go,0.0,1.0,0.0,0.0,,1.0,0.0,0.0,NEUTRAL,"['go', 'go', 'go']"
22,1000365570456465408,15:18:32,Android,en,-1,-1,-1,117007547,michael munyanyiwa,jackbond07,-1,en,False,52,234,74,Wed Feb 24 07:19:38 +0000 2010,"['uclfinal', 'realliverpool']",Real Murder!!!#UCLfinal #RealLiverpool,-1,-1,-1,real murder ,real murder ,-0.6908,0.175,0.825,0.0,,0.175,0.825,0.0,NEGATIVE,"['real', 'murder']"
23,1000365571458961408,15:18:32,Twitter Web,ar,-1,-1,-1,2465062267,Ù„ÙŠØ«,MihalQiana,Jamestown,en-gb,False,10141,683,74850,Sat Apr 26 19:46:22 +0000 2014,"['Ø±Ø­Ù„Ø§Øª_Ø³ÙŠØ§Ø­ÙŠÙ‡_ÙÙŠ_Ù…Ø§Ù„ÙŠØ²ÙŠØ§_2018Ø±Ø­Ù„Ø§', 'uclfinal']","RT @malaysia_tours1: #Ø±Ø­Ù„Ø§Øª_Ø³ÙŠØ§Ø­ÙŠÙ‡_ÙÙŠ_Ù…Ø§Ù„ÙŠØ²ÙŠØ§_2018Ø±Ø­Ù„Ø§  
ÙÙ†Ø§Ø¯Ù‚â›± Ø·ÙŠØ±Ø§Ù†âœˆï¸Ø³ÙŠØ§Ø±Ø§Øª Ø¨Ø³Ø§Ø¦Ù‚ÙŠÙ†ğŸš˜
Ø§Ø·Ù„Ø¨ Ø¨Ø±Ù†Ø§Ù…Ø¬Ùƒ ÙˆØ§ØªØ³Ø§Ø¨ 0060173559800
#UCLfinal
#Ø§Ø­Ù„Ø§Ù…_Ùâ€¦",[2900115019],['Ø´Ø±ÙƒØ© Ù…Ø±Ø´Ø¯ Ø§Ù„Ø²Ø§Ø¦Ø± Ø§Ù„Ø¹Ø±Ø¨ÙŠ'],['malaysia_tours1'],"ÙÙ†Ø§Ø¯Ù‚â›± Ø·ÙŠØ±Ø§Ù†âœˆï¸Ø³ÙŠØ§Ø±Ø§Øª Ø¨Ø³Ø§Ø¦Ù‚ÙŠÙ†
Ø§Ø·Ù„Ø¨ Ø¨Ø±Ù†Ø§Ù…Ø¬Ùƒ ÙˆØ§ØªØ³Ø§Ø¨ 0060173559800 â€¦",Car Hire and Car Rental with driver ask for your Watasab 0060173559800 ...,0.0,1.0,0.0,0.0,,1.0,0.0,0.0,NEUTRAL,"['car', 'hire', 'car', 'rental', 'driver', 'ask', 'watasab', '0060173559800']"
24,1000365572658515968,15:18:33,Android,fr,-1,-1,-1,2423051170,Rosero Mario,mariorosero49,-1,es,False,23,19,144,Wed Mar 19 17:45:53 +0000 2014,"['believers', 'uclfinal']","RT @LFC: ğŸ¶ ALLEZ ALLEZ ALLEZ ğŸ¶ 

#Believers #UCLfinal https://t.co/pMSJls9SNG",[19583545],['Liverpool FC'],['LFC'], allez allez allez  ,go Go go,0.0,1.0,0.0,0.0,,1.0,0.0,0.0,NEUTRAL,"['go', 'go', 'go']"
25,1000365572545101824,15:18:33,iPhone,en,-1,-1,-1,15081867,Ù…Ø±ØªØ¶Ù‰ Ø¹ÙŠØ³Ù‰ #Ø³ÙŠÙ‡Ø§Øª,saihati,"saihat, sydney, PORTLAND",en,False,866,7043,30189,Wed Jun 11 05:30:41 +0000 2008,['uclfinal'],"RT @brfootball: Hyped. âšªğŸ”´

#UCLfinal https://t.co/jB2k9EGISi",[1561123663],['B/R Football'],['brfootball'],hyped âšª ,hyped âšª ,0.0,1.0,0.0,0.0,,1.0,0.0,0.0,NEUTRAL,"['hyped', 'âšª']"
26,1000365572729835520,15:18:33,Android,fr,-1,-1,-1,173510700,LucÃ£o da Massa,Lucas_998,"Santa Catarina, Brasil",pt,False,158,8463,6642,Sun Aug 01 17:32:25 +0000 2010,"['believers', 'uclfinal']","RT @LFC: ğŸ¶ ALLEZ ALLEZ ALLEZ ğŸ¶ 

#Believers #UCLfinal https://t.co/pMSJls9SNG",[19583545],['Liverpool FC'],['LFC'], allez allez allez  ,go Go go,0.0,1.0,0.0,0.0,,1.0,0.0,0.0,NEUTRAL,"['go', 'go', 'go']"
27,1000365573828562944,15:18:33,Android,en,-1,-1,-1,914789110274973697,Mustapha,Mustapha1759,-1,en,False,0,10,8,Mon Oct 02 09:48:14 +0000 2017,-1,"RT @Sporf: ğŸ¤ The world's biggest stars preview the @ChampionsLeague Final. ğŸ†

ğŸ—£ Jurgen Klopp
ğŸ—£ Jose Mourinho
ğŸ—£ Steven Gerrard
ğŸ—£ Rio Ferdinaâ€¦","[538031518, 627673190]","['SPORF', '#UCLfinal']","['Sporf', 'ChampionsLeague']"," the world biggest stars preview the final   jurgen klopp
 jose mourinho
 steven gerrard
 rio ferdinaâ€¦"," the world biggest stars preview the final   jurgen klopp
 jose mourinho
 steven gerrard
 rio ferdinaâ€¦",0.0,1.0,0.0,0.0,,1.0,0.0,0.0,NEUTRAL,"['world', 'biggest', 'stars', 'preview', 'final', 'jurgen', 'klopp', 'jose', 'mourinho', 'steven', 'gerrard', 'rio', 'ferdinaâ€¦']"
28,1000365574474686464,15:18:33,Android,en,-1,-1,-1,448214562,Nurein I Ncd,nurein4me,Kano,en,False,508,3804,43430,Tue Dec 27 19:05:55 +0000 2011,"['sharethedrama', 'ucl']",RT @Heineken_NG: The countdown to kickoff has begun. What team will be crowned kings of Europe? #SHARETHEDRAMA #UCL,[368230671],['Heineken Nigeria'],['Heineken_NG'],the countdown kickoff has begun what team will crowned kings europe ,the countdown kickoff has begun what team will crowned kings europe ,0.0,1.0,0.0,0.0,,1.0,0.0,0.0,NEUTRAL,"['countdown', 'kickoff', 'begun', 'team', 'crowned', 'kings', 'europe']"
29,1000365574713638912,15:18:33,Instagram,en,-1,-1,-1,27414664,Andy Senyszyn,zhgingaah,"Lincoln, U.K.",en,False,500,36325,9901,Sun Mar 29 12:01:27 +0000 2009,['uclfinal'],"Gaff's ready, full kit w*nk*r style! #UCLFinalâ€¦ https://t.co/QurGMVB4Ra",-1,-1,-1,gaff ready full kit style â€¦ ,gaff ready full kit style â€¦ ,0.3612,0.615,0.0,0.385,,0.615,0.0,0.385,POSITIVE,"['gaff', 'ready', 'full', 'kit', 'style', 'â€¦']"
30,1000365574332051456,15:18:33,iPhone,en,-1,-1,-1,60882787,Nyame Ye,KwameAddai,T'di,en,False,1028,706,13760,Tue Jul 28 11:50:37 +0000 2009,-1,u think united n chelsea fans support liverpool lol https://t.co/HKvavet9JB,-1,-1,-1,think united chelsea fans support liverpool lol ,think united chelsea fans support liverpool lol ,0.8074,0.325,0.0,0.675,,0.325,0.0,0.675,POSITIVE,"['think', 'united', 'chelsea', 'fans', 'support', 'liverpool', 'lol']"
31,1000365574986203136,15:18:33,Twitter Lite,en,-1,-1,-1,440610547,ğŸ’–,fetchingoth,-1,en,False,10779,618,15594,Mon Dec 19 06:19:45 +0000 2011,"['uclfinal', 'loveitliveit']",RT @DUALIPA: WHAT DAY IS IT?? SHOW DAY!!! Watch LIVE at 19:30 UK time!!!@championsleague #UCLFinal @pepsi #LoveitLiveit ğŸŒ¼ğŸ’¥ https://t.co/5EOâ€¦,"[154101116, 18139619]","['DUA LIPA', 'Pepsiâ„¢']","['DUALIPA', 'pepsi']",what day show day watch live time  â€¦,what day show day watch live time  â€¦,0.0,1.0,0.0,0.0,,1.0,0.0,0.0,NEUTRAL,"['day', 'show', 'day', 'watch', 'live', 'time', 'â€¦']"
32,1000365575141494784,15:18:33,Android,en,-1,-1,-1,829715415513366528,Hedwigâ¦ ğŸ¦‰ğŸ™ğŸ»,HadeelMelhem,"Bethlehem, PA",en,False,16,480,252,Thu Feb 09 15:35:45 +0000 2017,"['aporla13', 'uclfinal', 'halamadrid']","Let's get it again ğŸ˜ğŸ˜ğŸ˜
#APorLa13  #UCLfinal #HalaMadrid https://t.co/mOv3RbdG64",-1,-1,-1,let get again  ,let get again  ,0.0,1.0,0.0,0.0,,1.0,0.0,0.0,NEUTRAL,"['let', 'get']"
33,1000365575468658688,15:18:33,Twitter Web,en,-1,-1,-1,707300223111065600,joshuamuriuki,mukiijosh,-1,en,False,69,506,166,Tue Mar 08 20:21:29 +0000 2016,"['uclfinal', 'nairobian', 'nysscandal']","RT @digitolsol: Grab these products at a discounted price in our stores today. contact us at 0711523369 #UCLfinal
#Nairobian
#NYSscandal
#Tâ€¦",[948834454755315712],['digital solutions ğŸ‡°ğŸ‡ª'],['digitolsol'],grab these products discounted price our stores today contact 0711523369 â€¦,grab these products discounted price our stores today contact 0711523369 â€¦,0.0516,0.882,0.0,0.118,,0.882,0.0,0.118,POSITIVE,"['grab', 'products', 'discounted', 'price', 'stores', 'today', 'contact', '0711523369', 'â€¦']"
34,1000365575816794112,15:18:33,Android,und,-1,-1,-1,947417511443738624,#AporLa13ğŸ†,Silvafilipe155,"Florida, USA",pt,False,391,14049,6408,Sun Dec 31 10:41:51 +0000 2017,"['uclfinal', 'aporla13', 'halamadrid']","RT @_Osblancos: #UCLfinal #APorLa13 | #HalaMadrid
https://t.co/SvR3ahgI7m",[4866003910],['Os GalÃ¡ticos'],['_Osblancos'],,,0.0,0.0,0.0,0.0,,0.0,0.0,0.0,NEUTRAL,[]
35,1000365575892283392,15:18:33,Twitter Web,ar,-1,-1,-1,2465097264,Ø´ÙŠÙ…Ø§Ø¡,MDlhia,Statesboro,en-gb,False,13189,671,75053,Sat Apr 26 20:43:56 +0000 2014,"['Ø±Ø­Ù„Ø§Øª_Ø³ÙŠØ§Ø­ÙŠÙ‡_ÙÙŠ_Ù…Ø§Ù„ÙŠØ²ÙŠØ§_2018Ø±Ø­Ù„Ø§', 'uclfinal']","RT @malaysia_tours1: #Ø±Ø­Ù„Ø§Øª_Ø³ÙŠØ§Ø­ÙŠÙ‡_ÙÙŠ_Ù…Ø§Ù„ÙŠØ²ÙŠØ§_2018Ø±Ø­Ù„Ø§  
ÙÙ†Ø§Ø¯Ù‚â›± Ø·ÙŠØ±Ø§Ù†âœˆï¸Ø³ÙŠØ§Ø±Ø§Øª Ø¨Ø³Ø§Ø¦Ù‚ÙŠÙ†ğŸš˜
Ø§Ø·Ù„Ø¨ Ø¨Ø±Ù†Ø§Ù…Ø¬Ùƒ ÙˆØ§ØªØ³Ø§Ø¨ 0060173559800
#UCLfinal
#Ø§Ø­Ù„Ø§Ù…_Ùâ€¦",[2900115019],['Ø´Ø±ÙƒØ© Ù…Ø±Ø´Ø¯ Ø§Ù„Ø²Ø§Ø¦Ø± Ø§Ù„Ø¹Ø±Ø¨ÙŠ'],['malaysia_tours1'],"ÙÙ†Ø§Ø¯Ù‚â›± Ø·ÙŠØ±Ø§Ù†âœˆï¸Ø³ÙŠØ§Ø±Ø§Øª Ø¨Ø³Ø§Ø¦Ù‚ÙŠÙ†
Ø§Ø·Ù„Ø¨ Ø¨Ø±Ù†Ø§Ù…Ø¬Ùƒ ÙˆØ§ØªØ³Ø§Ø¨ 0060173559800 â€¦",Car Hire and Car Rental with driver ask for your Watasab 0060173559800 ...,0.0,1.0,0.0,0.0,,1.0,0.0,0.0,NEUTRAL,"['car', 'hire', 'car', 'rental', 'driver', 'ask', 'watasab', '0060173559800']"
36,1000365576311726080,15:18:33,iPhone,fr,-1,-1,-1,2269512156,tirado,Azuruoo,"place near the ocean, new york",en,False,94,6532,5252,Mon Dec 30 22:36:38 +0000 2013,"['believers', 'uclfinal']","RT @LFC: ğŸ¶ ALLEZ ALLEZ ALLEZ ğŸ¶ 

#Believers #UCLfinal https://t.co/pMSJls9SNG",[19583545],['Liverpool FC'],['LFC'], allez allez allez  ,go Go go,0.0,1.0,0.0,0.0,,1.0,0.0,0.0,NEUTRAL,"['go', 'go', 'go']"
37,1000365577200914432,15:18:34,iPhone,en,-1,-1,-1,706392896,Phillip Barringer,barringerphil,803,en,False,196,1083,2113,Fri Jul 20 04:04:55 +0000 2012,"['ynwa', 'uclfinal', 'lfc']","Walk on, walk on
With hope in your heart
And you'll never walk alone
You'll never walk alone

#YNWA #UCLFinal #LFC",-1,-1,-1,"walk walk with hope your heart
and you never walk alone
you never walk alone ","walk walk with hope your heart
and you never walk alone
you never walk alone ",0.6575,0.653,0.0,0.347,,0.653,0.0,0.347,POSITIVE,"['walk', 'walk', 'hope', 'heart', 'never', 'walk', 'alone', 'never', 'walk', 'alone']"
38,1000371333501505536,15:41:26,Android,fr,-1,-1,-1,80941489,Nick Ledgers,nickledgers,Italia | Italy,it,False,277,65407,75717,Thu Oct 08 20:56:27 +0000 2009,"['believers', 'uclfinal']","RT @LFC: ğŸ¶ ALLEZ ALLEZ ALLEZ ğŸ¶ 

#Believers #UCLfinal https://t.co/pMSJls9SNG",[19583545],['Liverpool FC'],['LFC'], allez allez allez  ,go Go go,0.0,1.0,0.0,0.0,,1.0,0.0,0.0,NEUTRAL,"['go', 'go', 'go']"
39,1000371333807656960,15:41:26,iPhone,en,-1,-1,-1,1000055636535730177,Alan Johnson,AlanJohnLondon,"London, England",en,False,18,522,521,Fri May 25 16:46:58 +0000 2018,['uclfinal'],"RT @ChampionsLeague: The biggest game in European football is almost here. ğŸ¤© ğŸ¤© ğŸ¤©

#UCLfinal https://t.co/BZnMbHs5sq",[627673190],['#UCLfinal'],['ChampionsLeague'],the biggest game european football almost here    ,the biggest game european football almost here    ,0.0,1.0,0.0,0.0,,1.0,0.0,0.0,NEUTRAL,"['biggest', 'game', 'european', 'football', 'almost']"
40,1000371333992071168,15:41:26,Android,in,-1,-1,-1,722846492952633344,Jampang VS gabener VOC,putra_bisma12,Indonesia,id,False,1223,76410,105524,Wed Apr 20 17:56:48 +0000 2016,['uclfinal'],"RT @SinarNKRI: Gibran, Kaesang dan Bobby Buka ""Kedai Rakyat"" di Medan https://t.co/VlQbsWXFqd #UCLfinal",[3738356244],['Sinar NKRI'],['SinarNKRI'],gibran kaesang dan bobby buka kedai rakyat medan ,gibran kaesang and bobby open shop folk terrain,0.0,1.0,0.0,0.0,,1.0,0.0,0.0,NEUTRAL,"['gibran', 'kaesang', 'bobby', 'open', 'shop', 'folk', 'terrain']"
41,1000371334675918848,15:41:26,Android,fr,-1,-1,-1,707778529518178304,Vishal Telang,vishaliimb,"Pune, India",en,False,121,929,2651,Thu Mar 10 04:02:06 +0000 2016,"['believers', 'uclfinal']","RT @LFC: ğŸ¶ ALLEZ ALLEZ ALLEZ ğŸ¶ 

#Believers #UCLfinal https://t.co/pMSJls9SNG",[19583545],['Liverpool FC'],['LFC'], allez allez allez  ,go Go go,0.0,1.0,0.0,0.0,,1.0,0.0,0.0,NEUTRAL,"['go', 'go', 'go']"
42,1000371334386462720,15:41:26,Twitter Web,und,-1,-1,-1,940491053924343808,FFF,France_de_Foot,-1,fr,False,549,94,518,Tue Dec 12 07:58:35 +0000 2017,"['uefa', 'europe', 'liguedeschampions', 'championsleague', 'ldc', 'ucl', 'uclfinal', 'uclfinal2018', 'rmalfc', 'rmaliv', 'rma', 'lfc', 'liv']",#UEFA #Europe #LigueDesChampions #ChampionsLeague #ldc #ucl  #UCLfinal #UCLfinal2018 #RMALFC #RMALIV #RMA #LFC #LIVâ€¦ https://t.co/Ii0McGwvrB,-1,-1,-1,â€¦ ,â€¦ ,0.0,0.0,0.0,0.0,,0.0,0.0,0.0,NEUTRAL,['â€¦']
43,1000371335372013568,15:41:27,iPhone,en,-1,-1,-1,889807304341700608,ã¿ãã¨,mikito69reysol,æ—¥æœ¬  ç¿’å¿—é‡,ja,False,260,3301,1203,Tue Jul 25 11:19:27 +0000 2017,['uclfinal'],"RT @ChampionsLeague: The biggest game in European football is almost here. ğŸ¤© ğŸ¤© ğŸ¤©

#UCLfinal https://t.co/BZnMbHs5sq",[627673190],['#UCLfinal'],['ChampionsLeague'],the biggest game european football almost here    ,the biggest game european football almost here    ,0.0,1.0,0.0,0.0,,1.0,0.0,0.0,NEUTRAL,"['biggest', 'game', 'european', 'football', 'almost']"
44,1000371336550735872,15:41:27,Android,en,-1,-1,-1,783931151798964225,BRANDON,GrinningBrandon,"Lodwar, Kenya",en,False,5080,11549,5892,Thu Oct 06 07:25:26 +0000 2016,['uclfinal'],"RT @LFC: We asked the players what will be going through their head during those final moments before kick-off in Kiev...

#UCLfinal #Belieâ€¦",[19583545],['Liverpool FC'],['LFC'],asked the players what will going through their head during those final moments before kick off kiev â€¦,asked the players what will going through their head during those final moments before kick off kiev â€¦,0.0,1.0,0.0,0.0,,1.0,0.0,0.0,NEUTRAL,"['asked', 'players', 'going', 'head', 'final', 'moments', 'kick', 'kiev', 'â€¦']"
45,1000371336634687488,15:41:27,iPhone,en,-1,-1,-1,163496759,Ollie Kendrick,OllieKendrick,-1,en,False,351,13268,6765,Tue Jul 06 15:29:53 +0000 2010,['uclfinal'],RT @DavidBrentMovie: #UCLFinal day. I bloody love football. https://t.co/b0FvX6lB7B,[1270799208],['David Brent'],['DavidBrentMovie'],day bloody love football ,day bloody love football ,0.3182,0.22,0.319,0.462,,0.22,0.319,0.462,POSITIVE,"['day', 'bloody', 'love', 'football']"
46,1000371337049735168,15:41:27,Android,en,-1,-1,-1,308918274,Muhammad Zulhelmi,muhd_zulhelmi93,"Kuala Lumpur - mersing,johor",en,False,351,2480,19640,Wed Jun 01 06:41:19 +0000 2011,['uclfinal'],"RT @ChampionsLeague: The biggest game in European football is almost here. ğŸ¤© ğŸ¤© ğŸ¤©

#UCLfinal https://t.co/BZnMbHs5sq",[627673190],['#UCLfinal'],['ChampionsLeague'],the biggest game european football almost here    ,the biggest game european football almost here    ,0.0,1.0,0.0,0.0,,1.0,0.0,0.0,NEUTRAL,"['biggest', 'game', 'european', 'football', 'almost']"
47,1000371338643582976,15:41:27,Android,en,-1,-1,-1,944438800322670592,à¸«à¸¡à¸§à¸¢ğŸ¤—ğŸ¤—ğŸ¤—ğŸ¤—à¸‰à¸±à¸™à¸ˆà¸°à¸¢à¸±à¸‡à¹€à¸«à¸¡à¸·à¸­à¸™à¹€à¸”à¸´à¸¡,LNi92vlkxd053gh,-1,th,False,38,34550,124896,Sat Dec 23 05:25:31 +0000 2017,"['myheroà¸§à¸µà¸£à¸šà¸¸à¸£à¸¸à¸©à¸ªà¸¸à¸”à¸—à¸µà¹ˆà¸£à¸±à¸', 'toyotathaileague', 'à¹à¸Šà¸£à¹Œà¹€à¸¥à¸¢à¹Œà¹à¸Šà¸£à¹Œà¹€à¸¥à¸¢', 'uclfinal']","RT @TopTrendThai: Twitter Trend
2018-05-26 20:30:01
1. #myheroà¸§à¸µà¸£à¸šà¸¸à¸£à¸¸à¸©à¸ªà¸¸à¸”à¸—à¸µà¹ˆà¸£à¸±à¸
2. #ToyotaThaiLeague
3. #à¹à¸Šà¸£à¹Œà¹€à¸¥à¸¢à¹Œà¹à¸Šà¸£à¹Œà¹€à¸¥à¸¢
4. #UCLfinal
5. #2â€¦",[837126367779008512],['TopTrendThai'],['TopTrendThai'],"twitter trend
2018 à¸µà¸¸à¸¸à¸¸à¸µà¹ˆà¸± à¹Œà¹€à¸¥à¸¢à¹Œà¹à¸Šà¸£à¹Œà¹€à¸¥à¸¢ â€¦","twitter trend
2018 à¸µà¸¸à¸¸à¸¸à¸µà¹ˆà¸± à¹Œà¹€à¸¥à¸¢à¹Œà¹à¸Šà¸£à¹Œà¹€à¸¥à¸¢ â€¦",0.0,1.0,0.0,0.0,,1.0,0.0,0.0,NEUTRAL,"['twitter', 'trend', '2018', 'à¸µà¸¸à¸¸à¸¸à¸µà¹ˆà¸±', 'à¹Œà¹€à¸¥à¸¢à¹Œà¹à¸Šà¸£à¹Œà¹€à¸¥à¸¢', 'â€¦']"
48,1000371340845768704,15:41:28,iPad,en,-1,-1,-1,311475717,Brylcreem Boy,Brylcream_Boy,On my happy cloud.,en,False,895,934,21632,Sun Jun 05 14:31:33 +0000 2011,['uclfinal'],RT @DavidBrentMovie: #UCLFinal day. I bloody love football. https://t.co/b0FvX6lB7B,[1270799208],['David Brent'],['DavidBrentMovie'],day bloody love football ,day bloody love football ,0.3182,0.22,0.319,0.462,,0.22,0.319,0.462,POSITIVE,"['day', 'bloody', 'love', 'football']"
49,1000371341055397888,15:41:28,iPhone,ar,-1,-1,-1,2415642071,Ù…Ø­Ù…Ø¯ Ø§Ù„Ø¯Ø¹Ø¬Ø§Ù†ÙŠ,6Wa7d,-1,ar,False,294,13325,13308,Sun Mar 16 17:08:53 +0000 2014,"['Ù†Ù‡Ø§Ø¦ÙŠ_Ø¯ÙˆØ±ÙŠ_Ø§Ù„Ø£Ø¨Ø·Ø§Ù„', 'uclfinal']","RT @Uefaworld1: ğŸ“¸ ØªØ¯Ø±ÙŠØ¨Ø§Øª Ù„ÙŠÙØ±Ø¨ÙˆÙ„ @LFC_Arabic ÙÙŠ Ø§Ù„Ù…Ù„Ø¹Ø¨ Ø§Ù„ÙˆØ·Ù†ÙŠ ÙÙŠ ÙƒÙŠÙŠÚ¤ Ù‚Ø¨Ù„ ÙŠÙˆÙ… ÙˆØ§Ø­Ø¯ Ù…Ù† #Ù†Ù‡Ø§Ø¦ÙŠ_Ø¯ÙˆØ±ÙŠ_Ø§Ù„Ø£Ø¨Ø·Ø§Ù„ .

#UCLfinal https://t.co/sVhY18â€¦","[1089626094, 1033035534]","['#Ù†Ù‡Ø§Ø¦ÙŠ_Ø¯ÙˆØ±ÙŠ_Ø§Ù„Ø£Ø¨Ø·Ø§Ù„ | #UCLfinal ğŸ†', 'Ù†Ø§Ø¯ÙŠ Ù„ÙŠÙØ±Ø¨ÙˆÙ„']","['Uefaworld1', 'LFC_Arabic']", ØªØ¯Ø±ÙŠØ¨Ø§Øª Ù„ÙŠÙØ±Ø¨ÙˆÙ„ Ø§Ù„Ù…Ù„Ø¹Ø¨ Ø§Ù„ÙˆØ·Ù†ÙŠ ÙƒÙŠÙŠÚ¤ Ù‚Ø¨Ù„ ÙŠÙˆÙ… ÙˆØ§Ø­Ø¯ â€¦,Liverpool FC National Stadium KEV One day ago ...,0.0,1.0,0.0,0.0,,1.0,0.0,0.0,NEUTRAL,"['liverpool', 'fc', 'national', 'stadium', 'kev', 'one', 'day', 'ago']"
